wditem;page_title
Q307552;Abataj-chán
Q447283;Ahmose-Sitamon
Q293497;Al-Džáhiz
Q61056;Al-Ma’mún
Q284550;Al-Mu’tasim
Q152877;Alboin
Q5202;Almazán
Q204760;Antipatros
Q571813;Antové
Q43353;Aristofanés
Q83223;Asklépios
Q795307;B53
Q310681;Bakchylidés
Q16243784;Beyond
Q228366;Brouennes
Q230639;Brunhilda
Q1024861;Cabiria
Q162672;Carrie
Q15790;Cimabue
Q357269;Cučimikado
Q19133;Čchien-lung
Q22580486;Datonglong
Q429671;Dawsonit
Q10279881;DayZ
Q12652693;Deferribacteres
Q503778;Deining
Q470145;Dingane
Q41680;Dionýsos
Q22135509;Dracoraptor
Q23015170;Drachtinka
Q28626;Drakón
Q26525;Drammen
Q156778;Drusus
Q573579;Drvenkovití
Q2505300;Dryosauridae
Q158203;Dřípatka
Q1045092;Dvorníky
Q2712165;Dyera
Q357249;Džuntoku
Q12411167;EL/M-2084
Q580725;Endoskop
Q916688;Enslaved
Q517258;Enterokok
Q22067785;Eotrachodon
Q2632186;Euchroit
Q954786;Eukleidas
Q48305;Eurípidés
Q1777698;Evanescence
Q3247658;Fajrúz
Q60102;Fallout
Q223744;Farinelli
Q524431;Fasnia
Q27030;Fenykl
Q504499;Freystadt
Q22927446;Fukuivenator
Q288304;Funtumie
Q4132242;Galan-Čož
Q8778;Galén
Q612815;Garachico
Q1290627;Geier
Q189692;Genk
Q191039;Germanicus
Q316658;Go-Toba
Q1747675;Golgotha
Q131806;Gorgonopsia
Q323399;Gravelines
Q983433;Güímar
Q1703796;Hákarl
Q132406;Hallucigenia
Q440503;Hanazono
Q668506;HHhH
Q6691;Homér
Q507980;Hónen
Q213749;Huáscar
Q2104794;Humna
Q597185;Hutchinsonit
Q279575;Chačapuri
Q11710682;Chatyň
Q217399;Chauvency-le-Château
Q1048769;Chirivel
Q204398;Chobotnička
Q1743845;Chrastoun
Q1197982;Chuo-šan
Q21163221;Inzulin
Q2429233;Itum-Kali
Q188794;Izajáš
Q4537488;Jalchoroj
Q773971;Jalšové
Q1978580;Javořinka
Q1472027;Jistebná
Q43189;Juanes
Q20735711;Jurodidae
Q312551;Kabir
Q205365;Kain
Q524243;Kaitlyn
Q162078;Kakaovník
Q229465;Kalomira
Q361000;Kazan
Q355869;Kęstutis
Q684272;Kľačany
Q570506;Koketa
Q158246;Konradin
Q12995;Kortrijk
Q1444108;Kouzelníci
Q2415;Kristiansand
Q7523;Kublaj
Q1794838;Kvelertak
Q297855;Kyaxarés
Q375582;Labin
Q132937;Lagosuchus
Q1041034;Lecrae
Q309926;Lemmy
Q11878382;Leptorhynchos
Q133283;Lithops
Q48978;LMFAO
Q1858518;Lobio
Q1550170;Lokvát
Q13476175;Lorde
Q118958;Lovaň
Q769399;Loxsomataceae
Q3992;Lutych
Q21646345;Luzuriagaceae
Q12061410;Lycaon
Q842152;Madcon
Q1274400;Machairodus
Q1044352;Månegarm
Q1474188;Mangyšlak
Q269908;Marche-en-Famenne
Q230433;Masako
Q3544136;Megaloceros
Q162022;Mechelen
Q659657;Mesitové
Q229871;Messalina
Q311102;Metaxya
Q151599;Metropolis
Q11783963;Mezisvětí
Q9077;Mojžíš
Q687;Molière
Q500357;Mont-Dore
Q1953893;Murtalbahn
Q22390;Mutzig
Q210535;Nefertari
Q218992;Nelly
Q108525;Neúplatní
Q43510;Nightwish
Q312351;Ninkó
Q20751938;Nitrospirae
Q1129534;Norbit
Q1074141;Nosatkovití
Q22226944;Notocolossus
Q223134;Olympias
Q2679195;Onchocerca
Q526626;Orebice
Q2455175;Oreco
Q170472;Órigenés
Q12996;Ostende
Q10642;Ostníkovití
Q1008404;Ovča
Q2046117;Paganella
Q1973377;Pakorunka
Q3889333;Palaeotis
Q21711013;Paleorhinus
Q1851445;Paraguaná
Q237851;Parysatis
Q14655;Pelayo
Q15632233;Phytosauria
Q2091903;Piarantus
Q353255;Piast
Q371564;Pleistoanax
Q218123;Plumérie
Q62665;Podraz
Q428666;Poliske
Q16799;Postbauer-Heng
Q671718;Poznamenaní
Q380667;Predátoři
Q7542;Prince
Q3055913;Přesličky
Q261630;Putzbrunn
Q754586;Raketbal
Q135465;Rašómon
Q21809354;Reserved
Q229445;Robyn
Q357046;Rokudžó
Q70671;Romainmôtier-Envy
Q2164844;Romane
Q193218;Röyksopp
Q840615;Salak
Q17892;Sapfó
Q841744;Sarakacani
Q335352;Satyricon
Q23543;Selena
Q1331423;Selevinie
Q505589;Sengenthal
Q34424;Shakira
Q7431556;Schizaeaceae
Q1197877;Siou-ning
Q549628;Skopci
Q8351401;Sorva
Q498442;Spaceballs
Q483203;Sting
Q23015255;Stormborn
Q2303453;Sulguni
Q1120684;Supergrass
Q1135315;Survivor
Q2844148;Syndyoceras
Q15174;Šen-čen
Q2917496;Šenako
Q374020;Šidžó
Q60949;Širakawa
Q639460;Šperkovnice
Q944264;Tacoronte
Q1432750;TAZARA
Q985603;Tegueste
Q152230;Teje
Q171235;Thalía
Q688070;Thannhausen
Q179552;Themistoklés
Q464081;Theofano
Q20643853;Thermodesulfobacteria
Q194340;Thylacinus
Q23055480;Timurlengia
Q16940222;Tlačenka
Q133242;Toješť
Q1854416;TOS-1
Q21328954;Tototlmimus
Q1809911;Trebižat
Q837901;Twizel
Q203312;Uccle
Q161474;Úporek
Q165911;Usher
Q104905;VALL-I
Q106819;Veer-Zaara
Q68605;Vido
Q696499;Villard-de-Lans
Q757298;Voskopojë
Q467720;Vyděděnec
Q478553;Vznášivky
Q1078316;Wayang
Q68305;Wetzikon
Q441547;Wisigarda
Q264678;X-Moto
Q136227;ZIS-150
Q220192;Zoolander
Q20481694;Zubřina
